<?xml version="1.0" encoding="UTF-8"?>
<project-private xmlns="http://www.netbeans.org/ns/project-private/1">
    <editor-bookmarks xmlns="http://www.netbeans.org/ns/editor-bookmarks/2" lastBookmarkId="0"/>
    <open-files xmlns="http://www.netbeans.org/ns/projectui-open-files/2">
        <group>
            <file>file:/C:/Users/NEXT%20STORE/Downloads/PaintExample_Manar/PaintExample_Manar/src/Shapes/Circle.java</file>
            <file>file:/C:/Users/NEXT%20STORE/Downloads/PaintExample_Manar/PaintExample_Manar/src/Shapes/Square.java</file>
            <file>file:/C:/Users/NEXT%20STORE/Downloads/PaintExample_Manar/PaintExample_Manar/src/Graphical/GUI.java</file>
            <file>file:/C:/Users/NEXT%20STORE/Downloads/PaintExample_Manar/PaintExample_Manar/src/Shapes/Shape.java</file>
            <file>file:/C:/Users/NEXT%20STORE/Downloads/PaintExample_Manar/PaintExample_Manar/src/Options/DrawPanel.java</file>
            <file>file:/C:/Users/NEXT%20STORE/Downloads/PaintExample_Manar/PaintExample_Manar/src/Shapes/Rectangle.java</file>
            <file>file:/C:/Users/NEXT%20STORE/Downloads/PaintExample_Manar/PaintExample_Manar/src/Options/ListNode.java</file>
            <file>file:/C:/Users/NEXT%20STORE/Downloads/PaintExample_Manar/PaintExample_Manar/src/Graphical/Board.java</file>
            <file>file:/C:/Users/NEXT%20STORE/Downloads/PaintExample_Manar/PaintExample_Manar/src/Options/LinkedList.java</file>
        </group>
    </open-files>
</project-private>
